Row Number,Column Number,Frequency
0,0,24
0,1,11
0,2,5
0,3,0
0,4,3
0,5,4
0,6,0
0,7,0
0,8,0
0,9,0
0,10,0
0,11,0
0,12,0
0,13,0
0,14,0
0,15,0
0,16,0
0,17,0
0,18,0
0,19,0
0,20,0
0,21,0
0,22,0
0,23,0
0,24,0
0,25,0
0,26,0
0,27,0
0,28,0
0,29,0
0,30,0
0,31,0
0,32,0
0,33,0
0,34,0
0,35,0
0,36,0
0,37,0
0,38,0
0,39,0
0,40,0
0,41,0
0,42,0
0,43,0
0,44,0
0,45,0
0,46,0
0,47,0
0,48,0
0,49,0
0,50,0
0,51,0
0,52,0
0,53,0
0,54,0
0,55,0
0,56,0
0,57,0
0,58,0
0,59,0
0,60,0
0,61,0
0,62,0
0,63,0
0,64,0
1,0,0
1,1,0
1,2,2
1,3,13
1,4,2
1,5,7
1,6,5
1,7,4
1,8,7
1,9,0
1,10,0
1,11,0
1,12,0
1,13,0
1,14,0
1,15,0
1,16,0
1,17,0
1,18,0
1,19,0
1,20,0
1,21,0
1,22,0
1,23,0
1,24,0
1,25,0
1,26,0
1,27,0
1,28,0
1,29,0
1,30,0
1,31,0
1,32,0
1,33,0
1,34,0
1,35,0
1,36,0
1,37,0
1,38,0
1,39,0
1,40,0
1,41,0
1,42,0
1,43,0
1,44,0
1,45,0
1,46,0
1,47,0
1,48,0
1,49,0
1,50,0
1,51,0
1,52,0
1,53,0
1,54,0
1,55,0
1,56,0
1,57,0
1,58,0
1,59,0
1,60,0
1,61,0
1,62,0
1,63,0
1,64,0
2,0,0
2,1,2
2,2,1
2,3,1
2,4,12
2,5,12
2,6,11
2,7,2
2,8,9
2,9,25
2,10,2
2,11,0
2,12,0
2,13,0
2,14,0
2,15,0
2,16,0
2,17,0
2,18,0
2,19,0
2,20,0
2,21,0
2,22,0
2,23,0
2,24,0
2,25,0
2,26,0
2,27,0
2,28,0
2,29,0
2,30,0
2,31,0
2,32,0
2,33,0
2,34,0
2,35,0
2,36,0
2,37,0
2,38,0
2,39,0
2,40,0
2,41,0
2,42,0
2,43,0
2,44,0
2,45,0
2,46,0
2,47,0
2,48,0
2,49,0
2,50,0
2,51,0
2,52,0
2,53,0
2,54,0
2,55,0
2,56,0
2,57,0
2,58,0
2,59,0
2,60,0
2,61,0
2,62,0
2,63,0
2,64,0
3,0,0
3,1,0
3,2,0
3,3,18
3,4,11
3,5,15
3,6,5
3,7,14
3,8,23
3,9,10
3,10,14
3,11,1
3,12,0
3,13,0
3,14,0
3,15,0
3,16,0
3,17,0
3,18,0
3,19,0
3,20,0
3,21,0
3,22,0
3,23,0
3,24,0
3,25,0
3,26,0
3,27,0
3,28,0
3,29,0
3,30,0
3,31,0
3,32,0
3,33,0
3,34,0
3,35,0
3,36,0
3,37,0
3,38,0
3,39,0
3,40,0
3,41,0
3,42,0
3,43,0
3,44,0
3,45,0
3,46,0
3,47,0
3,48,0
3,49,0
3,50,0
3,51,0
3,52,0
3,53,0
3,54,0
3,55,0
3,56,0
3,57,0
3,58,0
3,59,0
3,60,0
3,61,0
3,62,0
3,63,0
3,64,0
4,0,0
4,1,0
4,2,0
4,3,3
4,4,3
4,5,12
4,6,14
4,7,14
4,8,35
4,9,22
4,10,26
4,11,19
4,12,4
4,13,2
4,14,2
4,15,0
4,16,0
4,17,0
4,18,0
4,19,0
4,20,0
4,21,0
4,22,0
4,23,0
4,24,0
4,25,0
4,26,0
4,27,0
4,28,0
4,29,0
4,30,0
4,31,0
4,32,0
4,33,0
4,34,0
4,35,0
4,36,0
4,37,0
4,38,0
4,39,0
4,40,0
4,41,0
4,42,0
4,43,0
4,44,0
4,45,0
4,46,0
4,47,0
4,48,0
4,49,0
4,50,0
4,51,0
4,52,0
4,53,0
4,54,0
4,55,0
4,56,0
4,57,0
4,58,0
4,59,0
4,60,0
4,61,0
4,62,0
4,63,0
4,64,0
5,0,0
5,1,0
5,2,0
5,3,0
5,4,0
5,5,1
5,6,9
5,7,17
5,8,1
5,9,47
5,10,31
5,11,8
5,12,11
5,13,12
5,14,37
5,15,2
5,16,0
5,17,0
5,18,0
5,19,0
5,20,0
5,21,0
5,22,0
5,23,0
5,24,0
5,25,0
5,26,0
5,27,0
5,28,0
5,29,0
5,30,0
5,31,0
5,32,0
5,33,0
5,34,0
5,35,0
5,36,0
5,37,0
5,38,0
5,39,0
5,40,0
5,41,0
5,42,0
5,43,0
5,44,0
5,45,0
5,46,0
5,47,0
5,48,0
5,49,0
5,50,0
5,51,0
5,52,0
5,53,0
5,54,0
5,55,0
5,56,0
5,57,0
5,58,0
5,59,0
5,60,0
5,61,0
5,62,0
5,63,0
5,64,0
6,0,0
6,1,0
6,2,0
6,3,0
6,4,0
6,5,0
6,6,0
6,7,0
6,8,1
6,9,1
6,10,3
6,11,7
6,12,10
6,13,13
6,14,26
6,15,42
6,16,7
6,17,0
6,18,0
6,19,0
6,20,0
6,21,0
6,22,0
6,23,1
6,24,58
6,25,270
6,26,120
6,27,15
6,28,68
6,29,40
6,30,19
6,31,0
6,32,0
6,33,0
6,34,0
6,35,0
6,36,0
6,37,0
6,38,0
6,39,14
6,40,10
6,41,96
6,42,0
6,43,0
6,44,0
6,45,0
6,46,0
6,47,0
6,48,0
6,49,0
6,50,0
6,51,0
6,52,0
6,53,0
6,54,0
6,55,0
6,56,0
6,57,0
6,58,0
6,59,0
6,60,0
6,61,0
6,62,0
6,63,0
6,64,0
7,0,0
7,1,0
7,2,0
7,3,0
7,4,0
7,5,1
7,6,7
7,7,0
7,8,14
7,9,44
7,10,3
7,11,0
7,12,0
7,13,2
7,14,23
7,15,143
7,16,5
7,17,0
7,18,0
7,19,0
7,20,0
7,21,0
7,22,0
7,23,0
7,24,9
7,25,21
7,26,60
7,27,17
7,28,86
7,29,136
7,30,44
7,31,87
7,32,9
7,33,0
7,34,0
7,35,0
7,36,0
7,37,0
7,38,0
7,39,0
7,40,0
7,41,15
7,42,47
7,43,145
7,44,89
7,45,10
7,46,21
7,47,0
7,48,0
7,49,0
7,50,0
7,51,0
7,52,0
7,53,0
7,54,0
7,55,0
7,56,0
7,57,0
7,58,0
7,59,0
7,60,0
7,61,0
7,62,0
7,63,0
7,64,0
8,0,0
8,1,0
8,2,0
8,3,0
8,4,0
8,5,0
8,6,16
8,7,0
8,8,13
8,9,21
8,10,3
8,11,9
8,12,8
8,13,0
8,14,2
8,15,23
8,16,19
8,17,71
8,18,73
8,19,0
8,20,0
8,21,0
8,22,0
8,23,0
8,24,10
8,25,52
8,26,112
8,27,86
8,28,69
8,29,60
8,30,65
8,31,123
8,32,22
8,33,0
8,34,0
8,35,0
8,36,0
8,37,0
8,38,0
8,39,0
8,40,0
8,41,0
8,42,0
8,43,22
8,44,40
8,45,155
8,46,286
8,47,88
8,48,66
8,49,117
8,50,130
8,51,3
8,52,0
8,53,0
8,54,0
8,55,0
8,56,0
8,57,0
8,58,0
8,59,0
8,60,0
8,61,0
8,62,0
8,63,0
8,64,0
9,0,0
9,1,0
9,2,0
9,3,0
9,4,0
9,5,0
9,6,0
9,7,0
9,8,22
9,9,5
9,10,6
9,11,23
9,12,34
9,13,122
9,14,1
9,15,9
9,16,33
9,17,34
9,18,3
9,19,0
9,20,0
9,21,0
9,22,0
9,23,26
9,24,106
9,25,170
9,26,100
9,27,84
9,28,71
9,29,53
9,30,28
9,31,8
9,32,2
9,33,17
9,34,12
9,35,0
9,36,0
9,37,0
9,38,0
9,39,0
9,40,0
9,41,0
9,42,3
9,43,10
9,44,0
9,45,0
9,46,0
9,47,1
9,48,86
9,49,191
9,50,170
9,51,2
9,52,0
9,53,0
9,54,0
9,55,0
9,56,0
9,57,0
9,58,0
9,59,0
9,60,0
9,61,0
9,62,0
9,63,0
9,64,0
10,0,0
10,1,0
10,2,0
10,3,0
10,4,0
10,5,0
10,6,0
10,7,0
10,8,27
10,9,20
10,10,12
10,11,82
10,12,54
10,13,6
10,14,16
10,15,16
10,16,174
10,17,129
10,18,79
10,19,0
10,20,0
10,21,59
10,22,44
10,23,19
10,24,47
10,25,292
10,26,77
10,27,88
10,28,96
10,29,65
10,30,58
10,31,65
10,32,159
10,33,64
10,34,24
10,35,1
10,36,0
10,37,0
10,38,0
10,39,0
10,40,0
10,41,0
10,42,0
10,43,0
10,44,0
10,45,0
10,46,0
10,47,17
10,48,84
10,49,14
10,50,17
10,51,0
10,52,0
10,53,0
10,54,0
10,55,0
10,56,0
10,57,0
10,58,0
10,59,0
10,60,0
10,61,0
10,62,0
10,63,0
10,64,0
11,0,0
11,1,0
11,2,0
11,3,0
11,4,0
11,5,0
11,6,0
11,7,0
11,8,34
11,9,99
11,10,53
11,11,43
11,12,43
11,13,11
11,14,9
11,15,17
11,16,127
11,17,169
11,18,0
11,19,0
11,20,0
11,21,68
11,22,168
11,23,41
11,24,43
11,25,130
11,26,62
11,27,33
11,28,78
11,29,68
11,30,146
11,31,209
11,32,151
11,33,150
11,34,60
11,35,26
11,36,2
11,37,0
11,38,0
11,39,0
11,40,0
11,41,0
11,42,0
11,43,0
11,44,0
11,45,0
11,46,0
11,47,0
11,48,0
11,49,0
11,50,0
11,51,0
11,52,0
11,53,0
11,54,0
11,55,0
11,56,0
11,57,0
11,58,0
11,59,0
11,60,0
11,61,0
11,62,0
11,63,0
11,64,0
12,0,0
12,1,0
12,2,0
12,3,0
12,4,0
12,5,0
12,6,0
12,7,5
12,8,164
12,9,65
12,10,53
12,11,167
12,12,136
12,13,187
12,14,46
12,15,40
12,16,136
12,17,63
12,18,0
12,19,0
12,20,0
12,21,20
12,22,186
12,23,130
12,24,90
12,25,39
12,26,17
12,27,279
12,28,141
12,29,345
12,30,237
12,31,98
12,32,130
12,33,162
12,34,232
12,35,154
12,36,243
12,37,0
12,38,0
12,39,0
12,40,0
12,41,0
12,42,0
12,43,0
12,44,0
12,45,0
12,46,0
12,47,0
12,48,0
12,49,0
12,50,13
12,51,0
12,52,0
12,53,0
12,54,0
12,55,0
12,56,0
12,57,0
12,58,0
12,59,0
12,60,0
12,61,0
12,62,0
12,63,0
12,64,0
13,0,0
13,1,0
13,2,0
13,3,0
13,4,0
13,5,0
13,6,0
13,7,4
13,8,22
13,9,0
13,10,0
13,11,17
13,12,0
13,13,17
13,14,27
13,15,30
13,16,218
13,17,103
13,18,0
13,19,0
13,20,0
13,21,0
13,22,42
13,23,418
13,24,361
13,25,242
13,26,84
13,27,165
13,28,405
13,29,820
13,30,411
13,31,81
13,32,114
13,33,109
13,34,213
13,35,231
13,36,74
13,37,4
13,38,0
13,39,0
13,40,0
13,41,0
13,42,0
13,43,0
13,44,0
13,45,0
13,46,0
13,47,0
13,48,0
13,49,0
13,50,0
13,51,0
13,52,0
13,53,0
13,54,0
13,55,0
13,56,0
13,57,0
13,58,0
13,59,0
13,60,0
13,61,0
13,62,0
13,63,0
13,64,0
14,0,0
14,1,0
14,2,0
14,3,0
14,4,0
14,5,0
14,6,0
14,7,0
14,8,0
14,9,0
14,10,0
14,11,0
14,12,0
14,13,0
14,14,0
14,15,0
14,16,0
14,17,0
14,18,0
14,19,0
14,20,0
14,21,0
14,22,0
14,23,4
14,24,149
14,25,32
14,26,64
14,27,42
14,28,358
14,29,1206
14,30,393
14,31,380
14,32,348
14,33,358
14,34,168
14,35,157
14,36,135
14,37,38
14,38,5
14,39,4
14,40,23
14,41,33
14,42,10
14,43,0
14,44,0
14,45,0
14,46,0
14,47,0
14,48,0
14,49,116
14,50,30
14,51,129
14,52,32
14,53,0
14,54,0
14,55,0
14,56,0
14,57,0
14,58,0
14,59,0
14,60,0
14,61,0
14,62,0
14,63,0
14,64,0
15,0,0
15,1,0
15,2,0
15,3,0
15,4,0
15,5,0
15,6,0
15,7,0
15,8,0
15,9,0
15,10,0
15,11,0
15,12,0
15,13,0
15,14,0
15,15,0
15,16,0
15,17,0
15,18,0
15,19,0
15,20,0
15,21,0
15,22,0
15,23,1
15,24,2
15,25,183
15,26,217
15,27,53
15,28,82
15,29,648
15,30,527
15,31,696
15,32,690
15,33,187
15,34,476
15,35,358
15,36,362
15,37,111
15,38,160
15,39,178
15,40,25
15,41,13
15,42,29
15,43,38
15,44,40
15,45,61
15,46,14
15,47,53
15,48,96
15,49,62
15,50,44
15,51,52
15,52,22
15,53,0
15,54,0
15,55,0
15,56,0
15,57,0
15,58,0
15,59,0
15,60,0
15,61,0
15,62,0
15,63,0
15,64,0
16,0,0
16,1,0
16,2,0
16,3,0
16,4,0
16,5,0
16,6,0
16,7,0
16,8,0
16,9,0
16,10,0
16,11,0
16,12,0
16,13,0
16,14,0
16,15,0
16,16,0
16,17,0
16,18,0
16,19,0
16,20,0
16,21,0
16,22,0
16,23,33
16,24,244
16,25,42
16,26,106
16,27,160
16,28,386
16,29,821
16,30,594
16,31,607
16,32,502
16,33,408
16,34,240
16,35,141
16,36,451
16,37,398
16,38,188
16,39,47
16,40,108
16,41,96
16,42,183
16,43,414
16,44,295
16,45,197
16,46,122
16,47,61
16,48,82
16,49,73
16,50,43
16,51,33
16,52,16
16,53,0
16,54,0
16,55,0
16,56,0
16,57,0
16,58,0
16,59,0
16,60,0
16,61,0
16,62,0
16,63,0
16,64,0
17,0,0
17,1,0
17,2,0
17,3,0
17,4,0
17,5,0
17,6,0
17,7,0
17,8,0
17,9,0
17,10,0
17,11,0
17,12,0
17,13,0
17,14,0
17,15,0
17,16,0
17,17,0
17,18,0
17,19,0
17,20,0
17,21,0
17,22,0
17,23,0
17,24,26
17,25,68
17,26,282
17,27,226
17,28,650
17,29,847
17,30,678
17,31,622
17,32,556
17,33,720
17,34,410
17,35,79
17,36,264
17,37,529
17,38,516
17,39,303
17,40,350
17,41,554
17,42,644
17,43,615
17,44,209
17,45,173
17,46,109
17,47,164
17,48,94
17,49,41
17,50,19
17,51,17
17,52,9
17,53,0
17,54,0
17,55,0
17,56,0
17,57,0
17,58,0
17,59,0
17,60,0
17,61,0
17,62,0
17,63,0
17,64,0
18,0,0
18,1,0
18,2,0
18,3,0
18,4,0
18,5,0
18,6,0
18,7,0
18,8,0
18,9,0
18,10,0
18,11,0
18,12,0
18,13,0
18,14,0
18,15,0
18,16,0
18,17,0
18,18,0
18,19,0
18,20,0
18,21,0
18,22,0
18,23,0
18,24,0
18,25,87
18,26,97
18,27,2304
18,28,180
18,29,344
18,30,814
18,31,768
18,32,702
18,33,836
18,34,748
18,35,160
18,36,14
18,37,2
18,38,236
18,39,335
18,40,400
18,41,401
18,42,222
18,43,540
18,44,206
18,45,208
18,46,182
18,47,81
18,48,76
18,49,119
18,50,64
18,51,61
18,52,16
18,53,0
18,54,0
18,55,0
18,56,0
18,57,0
18,58,0
18,59,0
18,60,0
18,61,0
18,62,0
18,63,0
18,64,0
19,0,0
19,1,0
19,2,0
19,3,0
19,4,0
19,5,0
19,6,0
19,7,0
19,8,0
19,9,0
19,10,0
19,11,0
19,12,0
19,13,0
19,14,0
19,15,0
19,16,0
19,17,0
19,18,0
19,19,0
19,20,0
19,21,0
19,22,0
19,23,41
19,24,122
19,25,22
19,26,122
19,27,30
19,28,269
19,29,270
19,30,570
19,31,493
19,32,1048
19,33,1229
19,34,461
19,35,151
19,36,94
19,37,60
19,38,23
19,39,48
19,40,5
19,41,154
19,42,153
19,43,152
19,44,223
19,45,134
19,46,264
19,47,46
19,48,119
19,49,151
19,50,86
19,51,54
19,52,12
19,53,0
19,54,0
19,55,0
19,56,0
19,57,0
19,58,0
19,59,0
19,60,0
19,61,0
19,62,0
19,63,0
19,64,0
20,0,0
20,1,0
20,2,0
20,3,0
20,4,0
20,5,0
20,6,0
20,7,0
20,8,0
20,9,0
20,10,0
20,11,0
20,12,0
20,13,0
20,14,0
20,15,0
20,16,0
20,17,0
20,18,0
20,19,0
20,20,0
20,21,0
20,22,0
20,23,29
20,24,199
20,25,400
20,26,699
20,27,139
20,28,415
20,29,707
20,30,416
20,31,245
20,32,1
20,33,57
20,34,136
20,35,32
20,36,21
20,37,45
20,38,4
20,39,25
20,40,15
20,41,75
20,42,51
20,43,151
20,44,69
20,45,101
20,46,115
20,47,224
20,48,206
20,49,190
20,50,157
20,51,67
20,52,2
20,53,0
20,54,0
20,55,0
20,56,0
20,57,0
20,58,0
20,59,0
20,60,0
20,61,0
20,62,0
20,63,0
20,64,0
21,0,0
21,1,0
21,2,0
21,3,0
21,4,0
21,5,0
21,6,0
21,7,0
21,8,0
21,9,0
21,10,0
21,11,0
21,12,0
21,13,0
21,14,0
21,15,0
21,16,0
21,17,0
21,18,0
21,19,0
21,20,0
21,21,0
21,22,0
21,23,0
21,24,233
21,25,450
21,26,1509
21,27,829
21,28,35
21,29,200
21,30,172
21,31,115
21,32,0
21,33,1
21,34,68
21,35,33
21,36,20
21,37,51
21,38,80
21,39,125
21,40,89
21,41,7
21,42,16
21,43,56
21,44,119
21,45,63
21,46,104
21,47,17
21,48,23
21,49,139
21,50,179
21,51,101
21,52,51
21,53,18
21,54,0
21,55,0
21,56,0
21,57,0
21,58,0
21,59,0
21,60,0
21,61,0
21,62,0
21,63,0
21,64,0
22,0,0
22,1,0
22,2,0
22,3,0
22,4,0
22,5,0
22,6,0
22,7,0
22,8,0
22,9,0
22,10,0
22,11,0
22,12,0
22,13,0
22,14,0
22,15,0
22,16,0
22,17,0
22,18,0
22,19,0
22,20,0
22,21,0
22,22,0
22,23,0
22,24,470
22,25,379
22,26,706
22,27,127
22,28,0
22,29,223
22,30,3
22,31,3
22,32,29
22,33,86
22,34,31
22,35,126
22,36,127
22,37,120
22,38,200
22,39,290
22,40,65
22,41,0
22,42,13
22,43,267
22,44,199
22,45,27
22,46,78
22,47,12
22,48,0
22,49,16
22,50,13
22,51,24
22,52,41
22,53,12
22,54,18
22,55,0
22,56,0
22,57,0
22,58,0
22,59,0
22,60,0
22,61,0
22,62,0
22,63,0
22,64,0
23,0,0
23,1,0
23,2,0
23,3,0
23,4,0
23,5,0
23,6,0
23,7,0
23,8,0
23,9,0
23,10,0
23,11,0
23,12,0
23,13,0
23,14,0
23,15,0
23,16,0
23,17,0
23,18,0
23,19,0
23,20,0
23,21,0
23,22,0
23,23,0
23,24,330
23,25,326
23,26,238
23,27,433
23,28,1
23,29,29
23,30,40
23,31,21
23,32,275
23,33,309
23,34,169
23,35,142
23,36,254
23,37,443
23,38,443
23,39,343
23,40,12
23,41,20
23,42,40
23,43,27
23,44,13
23,45,10
23,46,26
23,47,20
23,48,3
23,49,25
23,50,1
23,51,0
23,52,5
23,53,33
23,54,18
23,55,0
23,56,0
23,57,0
23,58,0
23,59,0
23,60,0
23,61,0
23,62,0
23,63,0
23,64,0
24,0,0
24,1,0
24,2,0
24,3,0
24,4,0
24,5,0
24,6,0
24,7,0
24,8,0
24,9,0
24,10,0
24,11,0
24,12,0
24,13,0
24,14,0
24,15,0
24,16,0
24,17,0
24,18,0
24,19,0
24,20,0
24,21,0
24,22,0
24,23,0
24,24,41
24,25,223
24,26,71
24,27,29
24,28,201
24,29,7
24,30,232
24,31,89
24,32,179
24,33,114
24,34,247
24,35,185
24,36,284
24,37,483
24,38,556
24,39,552
24,40,4
24,41,35
24,42,117
24,43,112
24,44,100
24,45,27
24,46,34
24,47,41
24,48,18
24,49,18
24,50,8
24,51,22
24,52,3
24,53,3
24,54,4
24,55,0
24,56,0
24,57,0
24,58,0
24,59,0
24,60,0
24,61,0
24,62,0
24,63,0
24,64,0
25,0,0
25,1,0
25,2,0
25,3,0
25,4,0
25,5,0
25,6,0
25,7,0
25,8,0
25,9,0
25,10,0
25,11,0
25,12,0
25,13,0
25,14,0
25,15,0
25,16,0
25,17,0
25,18,0
25,19,0
25,20,0
25,21,0
25,22,0
25,23,0
25,24,0
25,25,187
25,26,417
25,27,28
25,28,113
25,29,134
25,30,6
25,31,324
25,32,283
25,33,243
25,34,137
25,35,43
25,36,108
25,37,277
25,38,210
25,39,14
25,40,0
25,41,3
25,42,87
25,43,116
25,44,37
25,45,36
25,46,14
25,47,37
25,48,21
25,49,2
25,50,4
25,51,4
25,52,7
25,53,0
25,54,0
25,55,0
25,56,0
25,57,0
25,58,0
25,59,0
25,60,0
25,61,0
25,62,0
25,63,0
25,64,0
26,0,0
26,1,0
26,2,0
26,3,0
26,4,0
26,5,0
26,6,0
26,7,0
26,8,0
26,9,0
26,10,0
26,11,0
26,12,0
26,13,0
26,14,0
26,15,0
26,16,0
26,17,0
26,18,0
26,19,0
26,20,0
26,21,0
26,22,0
26,23,0
26,24,0
26,25,3
26,26,178
26,27,178
26,28,49
26,29,358
26,30,211
26,31,170
26,32,162
26,33,109
26,34,110
26,35,18
26,36,22
26,37,12
26,38,1
26,39,0
26,40,27
26,41,4
26,42,19
26,43,31
26,44,16
26,45,19
26,46,20
26,47,6
26,48,9
26,49,4
26,50,13
26,51,3
26,52,1
26,53,0
26,54,0
26,55,0
26,56,0
26,57,0
26,58,0
26,59,0
26,60,0
26,61,0
26,62,0
26,63,0
26,64,0
27,0,0
27,1,0
27,2,0
27,3,0
27,4,0
27,5,0
27,6,0
27,7,0
27,8,0
27,9,0
27,10,0
27,11,0
27,12,0
27,13,0
27,14,0
27,15,0
27,16,0
27,17,0
27,18,0
27,19,0
27,20,0
27,21,0
27,22,0
27,23,0
27,24,0
27,25,0
27,26,54
27,27,330
27,28,81
27,29,204
27,30,589
27,31,116
27,32,0
27,33,43
27,34,27
27,35,0
27,36,0
27,37,0
27,38,0
27,39,18
27,40,186
27,41,58
27,42,41
27,43,95
27,44,29
27,45,22
27,46,4
27,47,33
27,48,0
27,49,0
27,50,0
27,51,0
27,52,0
27,53,0
27,54,0
27,55,0
27,56,0
27,57,0
27,58,0
27,59,0
27,60,0
27,61,0
27,62,0
27,63,0
27,64,0
28,0,0
28,1,0
28,2,0
28,3,0
28,4,0
28,5,0
28,6,0
28,7,0
28,8,0
28,9,0
28,10,0
28,11,0
28,12,0
28,13,0
28,14,0
28,15,0
28,16,0
28,17,0
28,18,0
28,19,0
28,20,0
28,21,0
28,22,0
28,23,0
28,24,0
28,25,0
28,26,0
28,27,164
28,28,628
28,29,94
28,30,883
28,31,566
28,32,141
28,33,0
28,34,0
28,35,0
28,36,0
28,37,0
28,38,0
28,39,40
28,40,71
28,41,16
28,42,23
28,43,30
28,44,26
28,45,2
28,46,0
28,47,0
28,48,0
28,49,0
28,50,0
28,51,0
28,52,0
28,53,0
28,54,0
28,55,0
28,56,0
28,57,0
28,58,0
28,59,0
28,60,0
28,61,0
28,62,0
28,63,0
28,64,0
29,0,0
29,1,0
29,2,0
29,3,0
29,4,0
29,5,0
29,6,0
29,7,0
29,8,0
29,9,0
29,10,0
29,11,0
29,12,0
29,13,0
29,14,0
29,15,0
29,16,0
29,17,0
29,18,0
29,19,0
29,20,0
29,21,0
29,22,0
29,23,0
29,24,0
29,25,0
29,26,0
29,27,1
29,28,419
29,29,654
29,30,889
29,31,391
29,32,209
29,33,283
29,34,2
29,35,0
29,36,0
29,37,0
29,38,0
29,39,45
29,40,14
29,41,0
29,42,0
29,43,0
29,44,0
29,45,0
29,46,0
29,47,0
29,48,0
29,49,0
29,50,0
29,51,0
29,52,0
29,53,0
29,54,0
29,55,0
29,56,0
29,57,0
29,58,0
29,59,0
29,60,0
29,61,0
29,62,0
29,63,0
29,64,0
30,0,0
30,1,0
30,2,0
30,3,0
30,4,0
30,5,0
30,6,0
30,7,0
30,8,0
30,9,0
30,10,0
30,11,0
30,12,0
30,13,0
30,14,0
30,15,0
30,16,0
30,17,0
30,18,0
30,19,0
30,20,0
30,21,0
30,22,0
30,23,0
30,24,0
30,25,0
30,26,0
30,27,0
30,28,9
30,29,896
30,30,704
30,31,601
30,32,261
30,33,499
30,34,610
30,35,168
30,36,264
30,37,3
30,38,188
30,39,107
30,40,104
30,41,1
30,42,244
30,43,69
30,44,13
30,45,0
30,46,0
30,47,0
30,48,0
30,49,0
30,50,0
30,51,0
30,52,0
30,53,0
30,54,0
30,55,0
30,56,0
30,57,0
30,58,0
30,59,0
30,60,0
30,61,0
30,62,0
30,63,0
30,64,0
31,0,0
31,1,0
31,2,0
31,3,0
31,4,0
31,5,0
31,6,0
31,7,0
31,8,0
31,9,0
31,10,0
31,11,0
31,12,0
31,13,0
31,14,0
31,15,0
31,16,0
31,17,0
31,18,0
31,19,0
31,20,0
31,21,0
31,22,0
31,23,0
31,24,0
31,25,0
31,26,0
31,27,0
31,28,0
31,29,1078
31,30,1613
31,31,995
31,32,386
31,33,587
31,34,578
31,35,643
31,36,642
31,37,674
31,38,362
31,39,250
31,40,112
31,41,21
31,42,144
31,43,90
31,44,67
31,45,0
31,46,0
31,47,0
31,48,0
31,49,0
31,50,0
31,51,0
31,52,0
31,53,0
31,54,0
31,55,0
31,56,0
31,57,0
31,58,0
31,59,0
31,60,0
31,61,0
31,62,0
31,63,0
31,64,0
32,0,0
32,1,0
32,2,0
32,3,0
32,4,0
32,5,0
32,6,0
32,7,0
32,8,0
32,9,0
32,10,0
32,11,0
32,12,0
32,13,0
32,14,0
32,15,0
32,16,0
32,17,0
32,18,0
32,19,0
32,20,0
32,21,0
32,22,0
32,23,0
32,24,0
32,25,0
32,26,0
32,27,0
32,28,0
32,29,0
32,30,1139
32,31,1054
32,32,1268
32,33,1971
32,34,1163
32,35,536
32,36,381
32,37,350
32,38,567
32,39,220
32,40,231
32,41,68
32,42,87
32,43,44
32,44,0
32,45,0
32,46,0
32,47,0
32,48,0
32,49,0
32,50,0
32,51,0
32,52,0
32,53,0
32,54,0
32,55,0
32,56,0
32,57,0
32,58,0
32,59,0
32,60,0
32,61,0
32,62,0
32,63,0
32,64,0
33,0,0
33,1,0
33,2,0
33,3,0
33,4,0
33,5,0
33,6,0
33,7,0
33,8,0
33,9,0
33,10,0
33,11,0
33,12,0
33,13,0
33,14,0
33,15,0
33,16,0
33,17,0
33,18,0
33,19,0
33,20,0
33,21,0
33,22,0
33,23,0
33,24,0
33,25,0
33,26,0
33,27,0
33,28,0
33,29,0
33,30,119
33,31,1515
33,32,417
33,33,1068
33,34,645
33,35,426
33,36,644
33,37,220
33,38,270
33,39,156
33,40,79
33,41,87
33,42,112
33,43,23
33,44,0
33,45,0
33,46,40
33,47,0
33,48,0
33,49,0
33,50,0
33,51,0
33,52,0
33,53,0
33,54,0
33,55,0
33,56,0
33,57,0
33,58,0
33,59,0
33,60,0
33,61,0
33,62,0
33,63,0
33,64,0
34,0,0
34,1,0
34,2,0
34,3,0
34,4,0
34,5,0
34,6,0
34,7,0
34,8,0
34,9,0
34,10,0
34,11,0
34,12,0
34,13,0
34,14,0
34,15,0
34,16,0
34,17,0
34,18,0
34,19,0
34,20,0
34,21,0
34,22,0
34,23,0
34,24,0
34,25,0
34,26,0
34,27,0
34,28,0
34,29,0
34,30,6
34,31,879
34,32,1482
34,33,514
34,34,1207
34,35,1124
34,36,976
34,37,2
34,38,1179
34,39,136
34,40,35
34,41,33
34,42,85
34,43,0
34,44,0
34,45,0
34,46,11
34,47,0
34,48,0
34,49,0
34,50,0
34,51,0
34,52,0
34,53,0
34,54,0
34,55,0
34,56,0
34,57,0
34,58,0
34,59,0
34,60,0
34,61,0
34,62,0
34,63,0
34,64,0
35,0,0
35,1,0
35,2,0
35,3,0
35,4,0
35,5,0
35,6,0
35,7,0
35,8,0
35,9,0
35,10,0
35,11,0
35,12,0
35,13,0
35,14,0
35,15,0
35,16,0
35,17,0
35,18,0
35,19,0
35,20,0
35,21,0
35,22,0
35,23,0
35,24,0
35,25,0
35,26,0
35,27,0
35,28,0
35,29,0
35,30,0
35,31,2
35,32,2736
35,33,502
35,34,908
35,35,1160
35,36,495
35,37,1
35,38,604
35,39,224
35,40,103
35,41,44
35,42,8
35,43,0
35,44,0
35,45,0
35,46,0
35,47,0
35,48,0
35,49,0
35,50,0
35,51,0
35,52,0
35,53,0
35,54,0
35,55,0
35,56,0
35,57,0
35,58,0
35,59,0
35,60,0
35,61,0
35,62,0
35,63,0
35,64,0
36,0,0
36,1,0
36,2,0
36,3,0
36,4,0
36,5,0
36,6,0
36,7,0
36,8,0
36,9,0
36,10,0
36,11,0
36,12,0
36,13,0
36,14,0
36,15,0
36,16,0
36,17,0
36,18,0
36,19,0
36,20,0
36,21,0
36,22,0
36,23,0
36,24,0
36,25,0
36,26,0
36,27,0
36,28,0
36,29,0
36,30,0
36,31,0
36,32,0
36,33,331
36,34,753
36,35,426
36,36,1395
36,37,876
36,38,358
36,39,207
36,40,205
36,41,60
36,42,10
36,43,0
36,44,0
36,45,0
36,46,0
36,47,0
36,48,0
36,49,0
36,50,0
36,51,0
36,52,0
36,53,0
36,54,0
36,55,0
36,56,0
36,57,0
36,58,0
36,59,0
36,60,0
36,61,0
36,62,0
36,63,0
36,64,0
37,0,0
37,1,0
37,2,0
37,3,0
37,4,0
37,5,0
37,6,0
37,7,0
37,8,0
37,9,0
37,10,0
37,11,0
37,12,0
37,13,0
37,14,0
37,15,0
37,16,0
37,17,0
37,18,0
37,19,0
37,20,0
37,21,0
37,22,0
37,23,0
37,24,0
37,25,0
37,26,0
37,27,0
37,28,0
37,29,0
37,30,0
37,31,0
37,32,3
37,33,53
37,34,393
37,35,360
37,36,264
37,37,254
37,38,293
37,39,305
37,40,308
37,41,85
37,42,5
37,43,8
37,44,0
37,45,0
37,46,0
37,47,0
37,48,0
37,49,0
37,50,0
37,51,0
37,52,0
37,53,0
37,54,0
37,55,0
37,56,0
37,57,0
37,58,0
37,59,0
37,60,0
37,61,0
37,62,0
37,63,0
37,64,0
38,0,0
38,1,0
38,2,0
38,3,0
38,4,0
38,5,0
38,6,0
38,7,0
38,8,0
38,9,0
38,10,0
38,11,0
38,12,0
38,13,0
38,14,0
38,15,0
38,16,0
38,17,0
38,18,0
38,19,0
38,20,0
38,21,0
38,22,0
38,23,0
38,24,0
38,25,0
38,26,0
38,27,0
38,28,0
38,29,0
38,30,0
38,31,0
38,32,0
38,33,2
38,34,5
38,35,66
38,36,0
38,37,14
38,38,279
38,39,398
38,40,235
38,41,81
38,42,1
38,43,0
38,44,0
38,45,0
38,46,0
38,47,0
38,48,0
38,49,0
38,50,0
38,51,0
38,52,0
38,53,0
38,54,0
38,55,0
38,56,0
38,57,0
38,58,0
38,59,0
38,60,0
38,61,0
38,62,0
38,63,0
38,64,0
39,0,0
39,1,0
39,2,0
39,3,0
39,4,0
39,5,0
39,6,0
39,7,0
39,8,0
39,9,0
39,10,0
39,11,0
39,12,0
39,13,0
39,14,0
39,15,0
39,16,0
39,17,0
39,18,0
39,19,0
39,20,0
39,21,0
39,22,0
39,23,0
39,24,0
39,25,0
39,26,0
39,27,0
39,28,0
39,29,0
39,30,0
39,31,0
39,32,0
39,33,0
39,34,20
39,35,28
39,36,0
39,37,0
39,38,29
39,39,133
39,40,162
39,41,6
39,42,0
39,43,0
39,44,0
39,45,0
39,46,0
39,47,0
39,48,0
39,49,0
39,50,0
39,51,0
39,52,0
39,53,0
39,54,0
39,55,0
39,56,0
39,57,0
39,58,0
39,59,0
39,60,0
39,61,0
39,62,0
39,63,0
39,64,0
40,0,0
40,1,0
40,2,0
40,3,0
40,4,0
40,5,0
40,6,0
40,7,0
40,8,0
40,9,0
40,10,0
40,11,0
40,12,0
40,13,0
40,14,0
40,15,0
40,16,0
40,17,0
40,18,0
40,19,0
40,20,0
40,21,0
40,22,0
40,23,0
40,24,0
40,25,0
40,26,0
40,27,0
40,28,0
40,29,0
40,30,0
40,31,0
40,32,0
40,33,0
40,34,1
40,35,30
40,36,0
40,37,0
40,38,0
40,39,0
40,40,0
40,41,0
40,42,0
40,43,0
40,44,0
40,45,0
40,46,0
40,47,0
40,48,0
40,49,0
40,50,0
40,51,0
40,52,0
40,53,0
40,54,0
40,55,0
40,56,0
40,57,0
40,58,0
40,59,0
40,60,0
40,61,0
40,62,0
40,63,0
40,64,0
41,0,0
41,1,0
41,2,0
41,3,0
41,4,0
41,5,0
41,6,0
41,7,0
41,8,0
41,9,0
41,10,0
41,11,0
41,12,0
41,13,0
41,14,0
41,15,0
41,16,0
41,17,0
41,18,0
41,19,0
41,20,0
41,21,0
41,22,0
41,23,0
41,24,0
41,25,0
41,26,0
41,27,0
41,28,0
41,29,0
41,30,0
41,31,0
41,32,0
41,33,0
41,34,0
41,35,0
41,36,0
41,37,0
41,38,0
41,39,0
41,40,0
41,41,0
41,42,0
41,43,0
41,44,0
41,45,0
41,46,0
41,47,0
41,48,0
41,49,0
41,50,0
41,51,0
41,52,0
41,53,0
41,54,0
41,55,0
41,56,0
41,57,0
41,58,0
41,59,0
41,60,0
41,61,0
41,62,0
41,63,0
41,64,0
42,0,0
42,1,0
42,2,0
42,3,0
42,4,0
42,5,0
42,6,0
42,7,0
42,8,0
42,9,0
42,10,0
42,11,0
42,12,0
42,13,0
42,14,0
42,15,0
42,16,0
42,17,0
42,18,0
42,19,0
42,20,0
42,21,0
42,22,0
42,23,0
42,24,0
42,25,0
42,26,0
42,27,0
42,28,0
42,29,0
42,30,0
42,31,0
42,32,0
42,33,0
42,34,0
42,35,0
42,36,0
42,37,0
42,38,0
42,39,0
42,40,0
42,41,0
42,42,0
42,43,0
42,44,0
42,45,0
42,46,0
42,47,0
42,48,0
42,49,0
42,50,0
42,51,0
42,52,0
42,53,0
42,54,0
42,55,0
42,56,0
42,57,0
42,58,0
42,59,0
42,60,0
42,61,0
42,62,0
42,63,0
42,64,0
43,0,0
43,1,0
43,2,0
43,3,0
43,4,0
43,5,0
43,6,0
43,7,0
43,8,0
43,9,0
43,10,0
43,11,0
43,12,0
43,13,0
43,14,0
43,15,0
43,16,0
43,17,0
43,18,0
43,19,0
43,20,0
43,21,0
43,22,0
43,23,0
43,24,0
43,25,0
43,26,0
43,27,0
43,28,0
43,29,0
43,30,0
43,31,0
43,32,0
43,33,0
43,34,0
43,35,0
43,36,0
43,37,0
43,38,0
43,39,0
43,40,0
43,41,0
43,42,0
43,43,0
43,44,0
43,45,0
43,46,0
43,47,0
43,48,0
43,49,0
43,50,0
43,51,0
43,52,0
43,53,0
43,54,0
43,55,0
43,56,0
43,57,0
43,58,0
43,59,0
43,60,0
43,61,0
43,62,0
43,63,0
43,64,0
44,0,0
44,1,0
44,2,0
44,3,0
44,4,0
44,5,0
44,6,0
44,7,0
44,8,0
44,9,0
44,10,0
44,11,0
44,12,0
44,13,0
44,14,0
44,15,0
44,16,0
44,17,0
44,18,0
44,19,0
44,20,0
44,21,0
44,22,0
44,23,0
44,24,0
44,25,0
44,26,0
44,27,0
44,28,0
44,29,0
44,30,0
44,31,0
44,32,0
44,33,0
44,34,0
44,35,0
44,36,0
44,37,0
44,38,0
44,39,0
44,40,0
44,41,0
44,42,0
44,43,0
44,44,0
44,45,0
44,46,0
44,47,0
44,48,0
44,49,0
44,50,0
44,51,0
44,52,0
44,53,0
44,54,0
44,55,0
44,56,0
44,57,0
44,58,0
44,59,0
44,60,0
44,61,0
44,62,0
44,63,0
44,64,0
45,0,0
45,1,0
45,2,0
45,3,0
45,4,0
45,5,0
45,6,0
45,7,0
45,8,0
45,9,0
45,10,0
45,11,0
45,12,0
45,13,0
45,14,0
45,15,0
45,16,0
45,17,0
45,18,0
45,19,0
45,20,0
45,21,0
45,22,0
45,23,0
45,24,0
45,25,0
45,26,0
45,27,0
45,28,0
45,29,0
45,30,0
45,31,0
45,32,0
45,33,0
45,34,0
45,35,0
45,36,0
45,37,0
45,38,0
45,39,0
45,40,0
45,41,0
45,42,0
45,43,0
45,44,0
45,45,0
45,46,0
45,47,0
45,48,0
45,49,0
45,50,0
45,51,0
45,52,0
45,53,0
45,54,0
45,55,0
45,56,0
45,57,0
45,58,0
45,59,0
45,60,0
45,61,0
45,62,0
45,63,0
45,64,0
46,0,0
46,1,0
46,2,0
46,3,0
46,4,0
46,5,0
46,6,0
46,7,0
46,8,0
46,9,0
46,10,0
46,11,0
46,12,0
46,13,0
46,14,0
46,15,0
46,16,0
46,17,0
46,18,0
46,19,0
46,20,0
46,21,0
46,22,0
46,23,0
46,24,0
46,25,0
46,26,0
46,27,0
46,28,0
46,29,0
46,30,0
46,31,0
46,32,0
46,33,0
46,34,0
46,35,0
46,36,0
46,37,0
46,38,0
46,39,0
46,40,0
46,41,0
46,42,0
46,43,0
46,44,0
46,45,0
46,46,0
46,47,0
46,48,0
46,49,0
46,50,0
46,51,0
46,52,0
46,53,0
46,54,0
46,55,0
46,56,0
46,57,0
46,58,0
46,59,0
46,60,0
46,61,0
46,62,0
46,63,0
46,64,0
47,0,0
47,1,0
47,2,0
47,3,0
47,4,0
47,5,0
47,6,0
47,7,0
47,8,0
47,9,0
47,10,0
47,11,0
47,12,0
47,13,0
47,14,0
47,15,0
47,16,0
47,17,0
47,18,0
47,19,0
47,20,0
47,21,0
47,22,0
47,23,0
47,24,0
47,25,0
47,26,0
47,27,0
47,28,0
47,29,0
47,30,0
47,31,0
47,32,0
47,33,0
47,34,0
47,35,0
47,36,0
47,37,0
47,38,0
47,39,0
47,40,0
47,41,0
47,42,0
47,43,0
47,44,0
47,45,0
47,46,0
47,47,0
47,48,0
47,49,0
47,50,0
47,51,0
47,52,0
47,53,0
47,54,0
47,55,0
47,56,0
47,57,0
47,58,0
47,59,0
47,60,0
47,61,0
47,62,0
47,63,0
47,64,0
48,0,0
48,1,0
48,2,0
48,3,0
48,4,0
48,5,0
48,6,0
48,7,0
48,8,0
48,9,0
48,10,0
48,11,0
48,12,0
48,13,0
48,14,0
48,15,0
48,16,0
48,17,0
48,18,0
48,19,0
48,20,0
48,21,0
48,22,0
48,23,0
48,24,0
48,25,0
48,26,0
48,27,0
48,28,0
48,29,0
48,30,0
48,31,0
48,32,0
48,33,0
48,34,0
48,35,0
48,36,0
48,37,0
48,38,0
48,39,0
48,40,0
48,41,0
48,42,0
48,43,0
48,44,0
48,45,0
48,46,0
48,47,0
48,48,0
48,49,0
48,50,0
48,51,0
48,52,0
48,53,0
48,54,0
48,55,0
48,56,0
48,57,0
48,58,0
48,59,0
48,60,0
48,61,0
48,62,0
48,63,0
48,64,0
49,0,0
49,1,0
49,2,0
49,3,0
49,4,0
49,5,0
49,6,0
49,7,0
49,8,0
49,9,0
49,10,0
49,11,0
49,12,0
49,13,0
49,14,0
49,15,0
49,16,0
49,17,0
49,18,0
49,19,0
49,20,0
49,21,0
49,22,0
49,23,0
49,24,0
49,25,0
49,26,0
49,27,0
49,28,0
49,29,0
49,30,0
49,31,0
49,32,0
49,33,0
49,34,0
49,35,0
49,36,0
49,37,0
49,38,0
49,39,0
49,40,0
49,41,0
49,42,0
49,43,0
49,44,0
49,45,0
49,46,0
49,47,0
49,48,0
49,49,0
49,50,0
49,51,0
49,52,0
49,53,0
49,54,0
49,55,0
49,56,0
49,57,0
49,58,0
49,59,0
49,60,0
49,61,0
49,62,0
49,63,0
49,64,0
50,0,0
50,1,0
50,2,0
50,3,0
50,4,0
50,5,0
50,6,0
50,7,0
50,8,0
50,9,0
50,10,0
50,11,0
50,12,0
50,13,0
50,14,0
50,15,0
50,16,0
50,17,0
50,18,0
50,19,0
50,20,0
50,21,0
50,22,0
50,23,0
50,24,0
50,25,0
50,26,0
50,27,0
50,28,0
50,29,0
50,30,0
50,31,0
50,32,0
50,33,0
50,34,0
50,35,0
50,36,0
50,37,0
50,38,0
50,39,0
50,40,0
50,41,0
50,42,0
50,43,0
50,44,0
50,45,0
50,46,0
50,47,0
50,48,0
50,49,0
50,50,0
50,51,0
50,52,0
50,53,0
50,54,0
50,55,0
50,56,0
50,57,0
50,58,0
50,59,0
50,60,0
50,61,0
50,62,0
50,63,0
50,64,0
51,0,0
51,1,0
51,2,0
51,3,0
51,4,0
51,5,0
51,6,0
51,7,0
51,8,0
51,9,0
51,10,0
51,11,0
51,12,0
51,13,0
51,14,0
51,15,0
51,16,0
51,17,0
51,18,0
51,19,0
51,20,0
51,21,0
51,22,0
51,23,0
51,24,0
51,25,0
51,26,0
51,27,0
51,28,0
51,29,0
51,30,0
51,31,0
51,32,0
51,33,0
51,34,0
51,35,0
51,36,0
51,37,0
51,38,0
51,39,0
51,40,0
51,41,0
51,42,0
51,43,0
51,44,0
51,45,0
51,46,0
51,47,0
51,48,0
51,49,0
51,50,0
51,51,0
51,52,0
51,53,0
51,54,0
51,55,0
51,56,0
51,57,0
51,58,0
51,59,0
51,60,0
51,61,0
51,62,0
51,63,0
51,64,0
